GEOID;tract;county;hh_count;median_hh_inc;mean_hh_inc
04013010102;Census Tract 101.02; Maricopa County;2534;167699;264427
04013010103;Census Tract 101.03; Maricopa County;1430;99018;137905
04013010104;Census Tract 101.04; Maricopa County;1517;127424;162462
04013030401;Census Tract 304.01; Maricopa County;2353;155287;189070
04013030402;Census Tract 304.02; Maricopa County;1891;84798;113991
04013040502;Census Tract 405.02; Maricopa County;2328;58026;83581
04013040506;Census Tract 405.06; Maricopa County;3478;52548;56481
04013040507;Census Tract 405.07; Maricopa County;3802;56783;66725
04013040512;Census Tract 405.12; Maricopa County;914;61023;80763
04013040513;Census Tract 405.13; Maricopa County;1712;59527;82762
04013040514;Census Tract 405.14; Maricopa County;1757;65078;90197
04013040515;Census Tract 405.15; Maricopa County;1786;59139;96096
04013040516;Census Tract 405.16; Maricopa County;3601;87865;93975
04013040522;Census Tract 405.22; Maricopa County;2422;57898;80358
04013040523;Census Tract 405.23; Maricopa County;1693;75893;91675
04013040524;Census Tract 405.24; Maricopa County;877;75450;81994
04013040525;Census Tract 405.25; Maricopa County;1790;73679;84122
04013040526;Census Tract 405.26; Maricopa County;1310;62852;75137
04013040527;Census Tract 405.27; Maricopa County;1951;70576;82278
04013040528;Census Tract 405.28; Maricopa County;3389;68108;81735
04013040529;Census Tract 405.29; Maricopa County;1888;75887;90743
04013040530;Census Tract 405.30; Maricopa County;1459;77557;78750
04013040531;Census Tract 405.31; Maricopa County;2089;42721;54164
04013040532;Census Tract 405.32; Maricopa County;1986;106047;116591
04013040533;Census Tract 405.33; Maricopa County;675;114938;108288
04013040534;Census Tract 405.34; Maricopa County;1900;83375;114248
04013040535;Census Tract 405.35; Maricopa County;2020;104792;144300
04013040536;Census Tract 405.36; Maricopa County;1952;119669;141620
04013040537;Census Tract 405.37; Maricopa County;960;116235;132778
04013040538;Census Tract 405.38; Maricopa County;1322;96204;129745
04013040539;Census Tract 405.39; Maricopa County;2526;76329;88863
04013040540;Census Tract 405.40; Maricopa County;1627;85287;88954
04013040541;Census Tract 405.41; Maricopa County;1656;46455;58999
04013050603;Census Tract 506.03; Maricopa County;1855;65246;72789
04013050604;Census Tract 506.04; Maricopa County;1108;71618;80598
04013050609;Census Tract 506.09; Maricopa County;2135;64819;82066
04013050611;Census Tract 506.11; Maricopa County;1720;87989;106983
04013050612;Census Tract 506.12; Maricopa County;2721;90631;87818
04013050613;Census Tract 506.13; Maricopa County;1452;89671;99100
04013050614;Census Tract 506.14; Maricopa County;1170;89828;107491
04013050615;Census Tract 506.15; Maricopa County;1558;70068;80215
04013050616;Census Tract 506.16; Maricopa County;902;59393;72854
04013050617;Census Tract 506.17; Maricopa County;1550;60875;80680
04013050618;Census Tract 506.18; Maricopa County;2153;136839;137776
04013050619;Census Tract 506.19; Maricopa County;2406;131250;141575
04013050620;Census Tract 506.20; Maricopa County;2125;109513;130657
04013050621;Census Tract 506.21; Maricopa County;1683;77346;104358
04013050701;Census Tract 507.01; Maricopa County;2218;62333;65472
04013050702;Census Tract 507.02; Maricopa County;2171;56156;66632
04013060801;Census Tract 608.01; Maricopa County;2434;32643;48925
04013060802;Census Tract 608.02; Maricopa County;976;72209;72744
04013060901;Census Tract 609.01; Maricopa County;1578;63138;70395
04013060902;Census Tract 609.02; Maricopa County;1220;39674;49825
04013060903;Census Tract 609.03; Maricopa County;1624;62854;65980
04013060904;Census Tract 609.04; Maricopa County;1226;54971;69493
04013061010;Census Tract 610.10; Maricopa County;2486;93688;119710
04013061011;Census Tract 610.11; Maricopa County;2462;106701;113381
04013061013;Census Tract 610.13; Maricopa County;2024;98302;106405
04013061014;Census Tract 610.14; Maricopa County;2492;60577;75629
04013061015;Census Tract 610.15; Maricopa County;1718;74676;101798
04013061017;Census Tract 610.17; Maricopa County;0;-;-
04013061018;Census Tract 610.18; Maricopa County;2967;76394;98851
04013061020;Census Tract 610.20; Maricopa County;1170;120765;133542
04013061021;Census Tract 610.21; Maricopa County;551;129306;157043
04013061024;Census Tract 610.24; Maricopa County;699;83487;91367
04013061026;Census Tract 610.26; Maricopa County;1960;81058;93321
04013061027;Census Tract 610.27; Maricopa County;2228;86477;89216
04013061028;Census Tract 610.28; Maricopa County;1146;66223;98310
04013061029;Census Tract 610.29; Maricopa County;1974;64031;76991
04013061031;Census Tract 610.31; Maricopa County;2090;99861;114034
04013061032;Census Tract 610.32; Maricopa County;1973;84681;96310
04013061033;Census Tract 610.33; Maricopa County;2038;82655;88989
04013061034;Census Tract 610.34; Maricopa County;2445;81319;111116
04013061035;Census Tract 610.35; Maricopa County;2258;69147;84154
04013061036;Census Tract 610.36; Maricopa County;1393;120246;136301
04013061037;Census Tract 610.37; Maricopa County;1789;105088;102803
04013061038;Census Tract 610.38; Maricopa County;1421;76692;84500
04013061039;Census Tract 610.39; Maricopa County;1554;118819;124427
04013061040;Census Tract 610.40; Maricopa County;1496;76789;79648
04013061041;Census Tract 610.41; Maricopa County;1477;76162;76034
04013061042;Census Tract 610.42; Maricopa County;945;65880;76341
04013061043;Census Tract 610.43; Maricopa County;758;71500;100845
04013061044;Census Tract 610.44; Maricopa County;2747;96875;105250
04013061045;Census Tract 610.45; Maricopa County;2660;113458;129741
04013061046;Census Tract 610.46; Maricopa County;2139;59540;72593
04013061047;Census Tract 610.47; Maricopa County;1210;125000;147023
04013061048;Census Tract 610.48; Maricopa County;1402;79094;108361
04013061049;Census Tract 610.49; Maricopa County;1764;91105;97045
04013061050;Census Tract 610.50; Maricopa County;1780;87736;95208
04013061051;Census Tract 610.51; Maricopa County;1299;80875;101479
04013061052;Census Tract 610.52; Maricopa County;2764;78350;93942
04013061053;Census Tract 610.53; Maricopa County;2094;56538;90680
04013061054;Census Tract 610.54; Maricopa County;3016;98000;130756
04013061055;Census Tract 610.55; Maricopa County;1815;121896;149766
04013061056;Census Tract 610.56; Maricopa County;1011;129583;138997
04013061057;Census Tract 610.57; Maricopa County;989;77713;94878
04013061058;Census Tract 610.58; Maricopa County;1156;81429;82449
04013061059;Census Tract 610.59; Maricopa County;1511;99293;107953
04013061060;Census Tract 610.60; Maricopa County;973;75914;120873
04013061061;Census Tract 610.61; Maricopa County;1367;86217;95410
04013061062;Census Tract 610.62; Maricopa County;2297;93573;101613
04013061063;Census Tract 610.63; Maricopa County;536;48547;49671
04013061064;Census Tract 610.64; Maricopa County;990;96429;131385
04013061100;Census Tract 611; Maricopa County;598;53710;59344
04013061200;Census Tract 612; Maricopa County;2043;46165;47694
04013061300;Census Tract 613; Maricopa County;708;55222;63311
04013061401;Census Tract 614.01; Maricopa County;714;37059;45270
04013061402;Census Tract 614.02; Maricopa County;1983;48546;62258
04013071503;Census Tract 715.03; Maricopa County;2893;42667;59751
04013071504;Census Tract 715.04; Maricopa County;2151;51639;61682
04013071505;Census Tract 715.05; Maricopa County;3775;49421;57374
04013071506;Census Tract 715.06; Maricopa County;2290;51721;62628
04013071509;Census Tract 715.09; Maricopa County;2036;80143;95647
04013071510;Census Tract 715.10; Maricopa County;1410;124432;141056
04013071511;Census Tract 715.11; Maricopa County;1336;69306;80425
04013071512;Census Tract 715.12; Maricopa County;2372;79391;96095
04013071513;Census Tract 715.13; Maricopa County;534;102917;124643
04013071514;Census Tract 715.14; Maricopa County;1914;85792;91637
04013071515;Census Tract 715.15; Maricopa County;1870;69886;83684
04013071516;Census Tract 715.16; Maricopa County;2214;45896;61001
04013071517;Census Tract 715.17; Maricopa County;1355;88750;92755
04013071600;Census Tract 716; Maricopa County;1751;35895;52043
04013071701;Census Tract 717.01; Maricopa County;938;69701;75328
04013071702;Census Tract 717.02; Maricopa County;2078;39688;50788
04013071801;Census Tract 718.01; Maricopa County;3104;38684;44856
04013071802;Census Tract 718.02; Maricopa County;2055;36540;48210
04013071903;Census Tract 719.03; Maricopa County;2345;73120;79439
04013071906;Census Tract 719.06; Maricopa County;2148;55273;70719
04013071909;Census Tract 719.09; Maricopa County;1664;57458;68501
04013071910;Census Tract 719.10; Maricopa County;2565;51287;63745
04013071911;Census Tract 719.11; Maricopa County;1091;78132;88742
04013071912;Census Tract 719.12; Maricopa County;1243;43922;52402
04013071913;Census Tract 719.13; Maricopa County;1963;53445;66877
04013071914;Census Tract 719.14; Maricopa County;933;58125;60310
04013071915;Census Tract 719.15; Maricopa County;1470;56786;69737
04013082002;Census Tract 820.02; Maricopa County;2408;77941;66717
04013082007;Census Tract 820.07; Maricopa County;1179;53462;67054
04013082008;Census Tract 820.08; Maricopa County;1556;60859;70440
04013082009;Census Tract 820.09; Maricopa County;1348;60732;72290
04013082010;Census Tract 820.10; Maricopa County;1318;70875;87882
04013082012;Census Tract 820.12; Maricopa County;1856;69587;75798
04013082016;Census Tract 820.16; Maricopa County;869;84493;90037
04013082017;Census Tract 820.17; Maricopa County;1455;65273;88079
04013082018;Census Tract 820.18; Maricopa County;1578;70688;72390
04013082019;Census Tract 820.19; Maricopa County;826;99085;105332
04013082020;Census Tract 820.20; Maricopa County;1458;96875;99421
04013082021;Census Tract 820.21; Maricopa County;810;101602;97441
04013082022;Census Tract 820.22; Maricopa County;1881;52681;67738
04013082023;Census Tract 820.23; Maricopa County;1816;87742;94221
04013082024;Census Tract 820.24; Maricopa County;1636;54907;65227
04013082025;Census Tract 820.25; Maricopa County;1048;93690;100343
04013082026;Census Tract 820.26; Maricopa County;2095;88598;96136
04013082027;Census Tract 820.27; Maricopa County;1461;62757;96417
04013082028;Census Tract 820.28; Maricopa County;1385;56875;72049
04013082204;Census Tract 822.04; Maricopa County;1497;77153;87192
04013082205;Census Tract 822.05; Maricopa County;1715;79447;85132
04013082206;Census Tract 822.06; Maricopa County;1013;87942;104591
04013082207;Census Tract 822.07; Maricopa County;900;81167;88319
04013082208;Census Tract 822.08; Maricopa County;889;61745;70948
04013082209;Census Tract 822.09; Maricopa County;976;47976;54489
04013082210;Census Tract 822.10; Maricopa County;1432;72009;85847
04013082211;Census Tract 822.11; Maricopa County;2110;97808;93749
04013082212;Census Tract 822.12; Maricopa County;1606;93412;99214
04013082213;Census Tract 822.13; Maricopa County;1706;97865;111685
04013083000;Census Tract 830; Maricopa County;2521;48002;55803
04013092305;Census Tract 923.05; Maricopa County;1515;48185;59688
04013092306;Census Tract 923.06; Maricopa County;2003;78055;86582
04013092307;Census Tract 923.07; Maricopa County;2186;57941;86499
04013092308;Census Tract 923.08; Maricopa County;2630;55754;63387
04013092309;Census Tract 923.09; Maricopa County;1841;85282;83051
04013092311;Census Tract 923.11; Maricopa County;1274;29833;34524
04013092312;Census Tract 923.12; Maricopa County;2528;45250;59610
04013092401;Census Tract 924.01; Maricopa County;1674;42197;71527
04013092402;Census Tract 924.02; Maricopa County;1747;37203;46926
04013092500;Census Tract 925; Maricopa County;1915;47820;53485
04013092600;Census Tract 926; Maricopa County;1132;35568;43164
04013092705;Census Tract 927.05; Maricopa County;1581;55214;61915
04013092708;Census Tract 927.08; Maricopa County;783;56042;74572
04013092709;Census Tract 927.09; Maricopa County;1573;72917;91840
04013092710;Census Tract 927.10; Maricopa County;1650;92083;105835
04013092711;Census Tract 927.11; Maricopa County;1164;73698;91241
04013092712;Census Tract 927.12; Maricopa County;1573;64063;87059
04013092713;Census Tract 927.13; Maricopa County;1459;81917;82072
04013092715;Census Tract 927.15; Maricopa County;1315;64180;96050
04013092716;Census Tract 927.16; Maricopa County;1101;64056;72460
04013092717;Census Tract 927.17; Maricopa County;1637;46685;66109
04013092718;Census Tract 927.18; Maricopa County;1208;50714;64215
04013092719;Census Tract 927.19; Maricopa County;1614;66096;74363
04013092720;Census Tract 927.20; Maricopa County;2150;77826;94828
04013092721;Census Tract 927.21; Maricopa County;1040;126705;123795
04013092723;Census Tract 927.23; Maricopa County;1617;70488;83630
04013092724;Census Tract 927.24; Maricopa County;1631;47019;55392
04013092801;Census Tract 928.01; Maricopa County;1562;46382;48385
04013092802;Census Tract 928.02; Maricopa County;1815;37058;42351
04013092900;Census Tract 929; Maricopa County;1044;34750;44652
04013093001;Census Tract 930.01; Maricopa County;1970;37169;51845
04013093002;Census Tract 930.02; Maricopa County;1213;60386;58040
04013093101;Census Tract 931.01; Maricopa County;1624;43224;46381
04013093104;Census Tract 931.04; Maricopa County;1595;35953;37341
04013093105;Census Tract 931.05; Maricopa County;1830;32340;43549
04013093106;Census Tract 931.06; Maricopa County;1055;63092;72948
04013093200;Census Tract 932; Maricopa County;1472;49018;58024
04013103205;Census Tract 1032.05; Maricopa County;904;95000;122931
04013103206;Census Tract 1032.06; Maricopa County;847;123209;157353
04013103207;Census Tract 1032.07; Maricopa County;795;133542;168840
04013103208;Census Tract 1032.08; Maricopa County;2070;66100;84140
04013103209;Census Tract 1032.09; Maricopa County;2062;107650;183648
04013103210;Census Tract 1032.10; Maricopa County;3543;60208;84103
04013103211;Census Tract 1032.11; Maricopa County;1754;110000;122916
04013103212;Census Tract 1032.12; Maricopa County;1575;104491;144670
04013103214;Census Tract 1032.14; Maricopa County;1524;119722;146716
04013103215;Census Tract 1032.15; Maricopa County;1026;121875;153010
04013103216;Census Tract 1032.16; Maricopa County;2302;86094;122716
04013103217;Census Tract 1032.17; Maricopa County;2484;81907;106052
04013103219;Census Tract 1032.19; Maricopa County;1693;92274;151865
04013103220;Census Tract 1032.20; Maricopa County;1280;96635;123260
04013103302;Census Tract 1033.02; Maricopa County;2249;67054;84305
04013103303;Census Tract 1033.03; Maricopa County;1628;74868;88212
04013103304;Census Tract 1033.04; Maricopa County;1583;41853;51131
04013103305;Census Tract 1033.05; Maricopa County;1191;41778;59507
04013103306;Census Tract 1033.06; Maricopa County;1470;38761;54527
04013103400;Census Tract 1034; Maricopa County;1803;65208;88812
04013103501;Census Tract 1035.01; Maricopa County;1246;80338;95204
04013103502;Census Tract 1035.02; Maricopa County;2491;69922;80970
04013103604;Census Tract 1036.04; Maricopa County;1934;66220;88829
04013103605;Census Tract 1036.05; Maricopa County;2404;124634;154771
04013103606;Census Tract 1036.06; Maricopa County;1908;75688;103426
04013103607;Census Tract 1036.07; Maricopa County;1632;103409;129500
04013103608;Census Tract 1036.08; Maricopa County;1615;78003;88220
04013103609;Census Tract 1036.09; Maricopa County;2531;42506;50364
04013103611;Census Tract 1036.11; Maricopa County;2229;103468;139797
04013103612;Census Tract 1036.12; Maricopa County;2636;52436;77100
04013103614;Census Tract 1036.14; Maricopa County;1228;79412;94625
04013103615;Census Tract 1036.15; Maricopa County;1837;37483;49045
04013103701;Census Tract 1037.01; Maricopa County;2331;49357;62915
04013103702;Census Tract 1037.02; Maricopa County;1564;79352;95027
04013103900;Census Tract 1039; Maricopa County;2416;53214;72172
04013104000;Census Tract 1040; Maricopa County;2986;43705;58165
04013104100;Census Tract 1041; Maricopa County;2621;48861;60363
04013104202;Census Tract 1042.02; Maricopa County;1666;72632;92056
04013104203;Census Tract 1042.03; Maricopa County;2349;80809;94851
04013104204;Census Tract 1042.04; Maricopa County;1006;65970;88476
04013104205;Census Tract 1042.05; Maricopa County;2840;39104;52575
04013104206;Census Tract 1042.06; Maricopa County;1264;63750;71522
04013104207;Census Tract 1042.07; Maricopa County;1849;70438;78893
04013104212;Census Tract 1042.12; Maricopa County;2274;67833;77705
04013104214;Census Tract 1042.14; Maricopa County;876;63125;83010
04013104215;Census Tract 1042.15; Maricopa County;1468;66771;90146
04013104216;Census Tract 1042.16; Maricopa County;1832;67868;68860
04013104217;Census Tract 1042.17; Maricopa County;1881;60943;69783
04013104218;Census Tract 1042.18; Maricopa County;1401;65033;72176
04013104219;Census Tract 1042.19; Maricopa County;1133;64279;76586
04013104221;Census Tract 1042.21; Maricopa County;1802;72143;80022
04013104222;Census Tract 1042.22; Maricopa County;2218;76095;92879
04013104223;Census Tract 1042.23; Maricopa County;636;134643;163891
04013104224;Census Tract 1042.24; Maricopa County;2397;61980;80872
04013104225;Census Tract 1042.25; Maricopa County;1275;82958;93146
04013104226;Census Tract 1042.26; Maricopa County;1583;63105;76077
04013104227;Census Tract 1042.27; Maricopa County;773;56354;66749
04013104301;Census Tract 1043.01; Maricopa County;1309;60236;79055
04013104302;Census Tract 1043.02; Maricopa County;1954;43862;48190
04013104401;Census Tract 1044.01; Maricopa County;2209;32472;41216
04013104402;Census Tract 1044.02; Maricopa County;1045;39916;54098
04013104501;Census Tract 1045.01; Maricopa County;1383;40547;49719
04013104502;Census Tract 1045.02; Maricopa County;1827;47134;49673
04013104600;Census Tract 1046; Maricopa County;1681;52520;82695
04013104701;Census Tract 1047.01; Maricopa County;1533;49599;52663
04013104702;Census Tract 1047.02; Maricopa County;1803;38412;59363
04013104801;Census Tract 1048.01; Maricopa County;1532;107292;139443
04013104802;Census Tract 1048.02; Maricopa County;2380;72794;92686
04013104900;Census Tract 1049; Maricopa County;1608;103598;114391
04013105002;Census Tract 1050.02; Maricopa County;1149;188925;326548
04013105003;Census Tract 1050.03; Maricopa County;1427;243542;386899
04013105004;Census Tract 1050.04; Maricopa County;1391;187841;344415
04013105101;Census Tract 1051.01; Maricopa County;1648;156563;219262
04013105102;Census Tract 1051.02; Maricopa County;2421;97015;172966
04013105103;Census Tract 1051.03; Maricopa County;1273;183177;368796
04013105200;Census Tract 1052; Maricopa County;2904;73320;85710
04013105300;Census Tract 1053; Maricopa County;2143;70313;100364
04013105400;Census Tract 1054; Maricopa County;1505;110083;149024
04013105501;Census Tract 1055.01; Maricopa County;986;50750;63008
04013105502;Census Tract 1055.02; Maricopa County;883;41375;50499
04013105503;Census Tract 1055.03; Maricopa County;2132;40735;43728
04013105601;Census Tract 1056.01; Maricopa County;1162;44964;72154
04013105602;Census Tract 1056.02; Maricopa County;2196;39881;49627
04013105701;Census Tract 1057.01; Maricopa County;1191;58810;74526
04013105702;Census Tract 1057.02; Maricopa County;1318;65762;75941
04013105800;Census Tract 1058; Maricopa County;2156;68389;85251
04013105900;Census Tract 1059; Maricopa County;1988;47198;65652
04013106001;Census Tract 1060.01; Maricopa County;577;41125;49168
04013106002;Census Tract 1060.02; Maricopa County;1335;41117;49618
04013106003;Census Tract 1060.03; Maricopa County;1288;53500;64749
04013106100;Census Tract 1061; Maricopa County;2618;71021;88364
04013106200;Census Tract 1062; Maricopa County;1173;184470;249695
04013106300;Census Tract 1063; Maricopa County;2709;81797;112053
04013106400;Census Tract 1064; Maricopa County;1335;70938;114263
04013106501;Census Tract 1065.01; Maricopa County;1417;76061;118208
04013106502;Census Tract 1065.02; Maricopa County;1862;58205;91234
04013106600;Census Tract 1066; Maricopa County;1725;92431;151336
04013106701;Census Tract 1067.01; Maricopa County;2006;37370;51980
04013106702;Census Tract 1067.02; Maricopa County;547;56172;83259
04013106703;Census Tract 1067.03; Maricopa County;998;90068;107433
04013106801;Census Tract 1068.01; Maricopa County;1764;29512;56261
04013106802;Census Tract 1068.02; Maricopa County;1294;53561;76759
04013106900;Census Tract 1069; Maricopa County;2261;54531;67950
04013107001;Census Tract 1070.01; Maricopa County;1493;45144;55119
04013107002;Census Tract 1070.02; Maricopa County;1148;40000;54952
04013107101;Census Tract 1071.01; Maricopa County;1274;63580;76215
04013107102;Census Tract 1071.02; Maricopa County;1675;48004;55555
04013107201;Census Tract 1072.01; Maricopa County;309;-;29644
04013107202;Census Tract 1072.02; Maricopa County;1370;60431;70778
04013107300;Census Tract 1073; Maricopa County;2154;49857;60455
04013107401;Census Tract 1074.01; Maricopa County;1128;61333;99323
04013107402;Census Tract 1074.02; Maricopa County;448;50625;50496
04013107403;Census Tract 1074.03; Maricopa County;980;29125;47051
04013107404;Census Tract 1074.04; Maricopa County;488;14746;20507
04013107500;Census Tract 1075; Maricopa County;1616;106813;143729
04013107601;Census Tract 1076.01; Maricopa County;1893;49188;71014
04013107602;Census Tract 1076.02; Maricopa County;1274;88077;124851
04013107700;Census Tract 1077; Maricopa County;2179;78906;148379
04013107800;Census Tract 1078; Maricopa County;1463;107784;175422
04013107900;Census Tract 1079; Maricopa County;1581;110553;225626
04013108000;Census Tract 1080; Maricopa County;964;227333;384988
04013108100;Census Tract 1081; Maricopa County;1100;99500;178494
04013108200;Census Tract 1082; Maricopa County;1633;80846;177069
04013108301;Census Tract 1083.01; Maricopa County;1676;110136;160701
04013108302;Census Tract 1083.02; Maricopa County;1548;69535;107463
04013108400;Census Tract 1084; Maricopa County;3048;69829;124611
04013108501;Census Tract 1085.01; Maricopa County;1093;66060;75517
04013108502;Census Tract 1085.02; Maricopa County;1938;94338;127195
04013108601;Census Tract 1086.01; Maricopa County;1303;47375;60102
04013108602;Census Tract 1086.02; Maricopa County;3259;48936;61462
04013108802;Census Tract 1088.02; Maricopa County;1139;54261;79515
04013108901;Census Tract 1089.01; Maricopa County;1036;60000;106471
04013108902;Census Tract 1089.02; Maricopa County;2192;51131;61402
04013109001;Census Tract 1090.01; Maricopa County;1618;38421;50904
04013109002;Census Tract 1090.02; Maricopa County;1543;34331;44518
04013109003;Census Tract 1090.03; Maricopa County;2040;36833;39091
04013109101;Census Tract 1091.01; Maricopa County;940;49091;66088
04013109102;Census Tract 1091.02; Maricopa County;1854;53068;51206
04013109200;Census Tract 1092; Maricopa County;1509;38438;55388
04013109300;Census Tract 1093; Maricopa County;1144;72933;80929
04013109401;Census Tract 1094.01; Maricopa County;1265;50186;60854
04013109402;Census Tract 1094.02; Maricopa County;1245;48942;66399
04013109500;Census Tract 1095; Maricopa County;1458;74000;95404
04013109601;Census Tract 1096.01; Maricopa County;1322;44434;53691
04013109602;Census Tract 1096.02; Maricopa County;2012;48952;69174
04013109603;Census Tract 1096.03; Maricopa County;1146;65135;71106
04013109604;Census Tract 1096.04; Maricopa County;1133;57862;73267
04013109702;Census Tract 1097.02; Maricopa County;1366;61034;71848
04013109703;Census Tract 1097.03; Maricopa County;999;48573;52805
04013109704;Census Tract 1097.04; Maricopa County;642;46346;61585
04013109705;Census Tract 1097.05; Maricopa County;516;71389;88375
04013109706;Census Tract 1097.06; Maricopa County;927;50404;56943
04013109707;Census Tract 1097.07; Maricopa County;1665;36924;45542
04013109801;Census Tract 1098.01; Maricopa County;1308;41481;54450
04013109802;Census Tract 1098.02; Maricopa County;1221;63491;67414
04013109900;Census Tract 1099; Maricopa County;1970;56212;65770
04013110001;Census Tract 1100.01; Maricopa County;1087;55585;65179
04013110002;Census Tract 1100.02; Maricopa County;1285;63301;68989
04013110100;Census Tract 1101; Maricopa County;1834;49819;60768
04013110400;Census Tract 1104; Maricopa County;2223;56015;87396
04013110501;Census Tract 1105.01; Maricopa County;2003;52509;62874
04013110502;Census Tract 1105.02; Maricopa County;1918;63859;87735
04013110600;Census Tract 1106; Maricopa County;2022;68428;78365
04013110701;Census Tract 1107.01; Maricopa County;1019;52064;50888
04013110702;Census Tract 1107.02; Maricopa County;1687;66510;86034
04013110801;Census Tract 1108.01; Maricopa County;2321;54177;87968
04013110802;Census Tract 1108.02; Maricopa County;1089;64276;85002
04013110901;Census Tract 1109.01; Maricopa County;1674;49458;78966
04013110902;Census Tract 1109.02; Maricopa County;1886;61900;89812
04013111000;Census Tract 1110; Maricopa County;1981;98424;116881
04013111100;Census Tract 1111; Maricopa County;1838;102167;137124
04013111201;Census Tract 1112.01; Maricopa County;2598;45824;78978
04013111202;Census Tract 1112.02; Maricopa County;854;48333;50227
04013111203;Census Tract 1112.03; Maricopa County;1102;44118;51057
04013111204;Census Tract 1112.04; Maricopa County;1658;67443;77434
04013111300;Census Tract 1113; Maricopa County;2438;63511;77246
04013111401;Census Tract 1114.01; Maricopa County;1290;59608;69215
04013111402;Census Tract 1114.02; Maricopa County;1388;56842;71360
04013111501;Census Tract 1115.01; Maricopa County;738;39583;54799
04013111502;Census Tract 1115.02; Maricopa County;2255;47759;58167
04013111601;Census Tract 1116.01; Maricopa County;1030;49286;62911
04013111602;Census Tract 1116.02; Maricopa County;1797;50889;54565
04013111700;Census Tract 1117; Maricopa County;2432;75075;80974
04013111800;Census Tract 1118; Maricopa County;2531;81957;124672
04013111900;Census Tract 1119; Maricopa County;1130;111667;125000
04013112100;Census Tract 1121; Maricopa County;1028;47829;59829
04013112201;Census Tract 1122.01; Maricopa County;1282;52312;64359
04013112202;Census Tract 1122.02; Maricopa County;1567;32656;58312
04013112301;Census Tract 1123.01; Maricopa County;2096;35820;57800
04013112302;Census Tract 1123.02; Maricopa County;2083;39779;50507
04013112401;Census Tract 1124.01; Maricopa County;1811;48114;57823
04013112402;Census Tract 1124.02; Maricopa County;1370;74476;76180
04013112502;Census Tract 1125.02; Maricopa County;1405;57656;81800
04013112504;Census Tract 1125.04; Maricopa County;1195;44504;63188
04013112507;Census Tract 1125.07; Maricopa County;1070;37083;49357
04013112508;Census Tract 1125.08; Maricopa County;666;55051;52300
04013112510;Census Tract 1125.10; Maricopa County;1178;76513;99955
04013112512;Census Tract 1125.12; Maricopa County;140;59091;60436
04013112514;Census Tract 1125.14; Maricopa County;1462;73621;77123
04013112515;Census Tract 1125.15; Maricopa County;1299;61250;85562
04013112516;Census Tract 1125.16; Maricopa County;1282;52627;67067
04013112517;Census Tract 1125.17; Maricopa County;1460;82647;78879
04013112518;Census Tract 1125.18; Maricopa County;1087;84205;97588
04013112519;Census Tract 1125.19; Maricopa County;1145;43484;46930
04013112520;Census Tract 1125.20; Maricopa County;1203;56012;60812
04013112521;Census Tract 1125.21; Maricopa County;1205;40513;41573
04013112522;Census Tract 1125.22; Maricopa County;1661;50573;61964
04013112523;Census Tract 1125.23; Maricopa County;1442;49461;75541
04013112524;Census Tract 1125.24; Maricopa County;2014;42844;78509
04013112601;Census Tract 1126.01; Maricopa County;1191;30307;47279
04013112602;Census Tract 1126.02; Maricopa County;2172;41715;52764
04013112700;Census Tract 1127; Maricopa County;1994;45993;57195
04013112900;Census Tract 1129; Maricopa County;2009;39712;61682
04013113000;Census Tract 1130; Maricopa County;1820;58556;90712
04013113100;Census Tract 1131; Maricopa County;2168;34104;56334
04013113201;Census Tract 1132.01; Maricopa County;739;47798;73777
04013113202;Census Tract 1132.02; Maricopa County;741;40592;57129
04013113204;Census Tract 1132.04; Maricopa County;1287;45042;54023
04013113301;Census Tract 1133.01; Maricopa County;1319;21518;28259
04013113502;Census Tract 1135.02; Maricopa County;778;40410;43153
04013113503;Census Tract 1135.03; Maricopa County;1453;45052;54926
04013113601;Census Tract 1136.01; Maricopa County;1562;49359;60344
04013113602;Census Tract 1136.02; Maricopa County;1400;45217;56311
04013113701;Census Tract 1137.01; Maricopa County;2418;42792;53648
04013113702;Census Tract 1137.02; Maricopa County;701;73309;81451
04013113800;Census Tract 1138; Maricopa County;1287;59418;79544
04013113900;Census Tract 1139; Maricopa County;562;20833;28506
04013114000;Census Tract 1140; Maricopa County;1253;39156;57347
04013114100;Census Tract 1141; Maricopa County;702;43750;96561
04013114200;Census Tract 1142; Maricopa County;345;30781;50837
04013114301;Census Tract 1143.01; Maricopa County;256;45123;49048
04013114302;Census Tract 1143.02; Maricopa County;1002;25907;30793
04013114401;Census Tract 1144.01; Maricopa County;533;40347;56101
04013114402;Census Tract 1144.02; Maricopa County;595;49018;48303
04013114500;Census Tract 1145; Maricopa County;1353;38750;56144
04013114600;Census Tract 1146; Maricopa County;434;37667;50986
04013114704;Census Tract 1147.04; Maricopa County;398;24928;34105
04013114705;Census Tract 1147.05; Maricopa County;0;-;-
04013114800;Census Tract 1148; Maricopa County;793;42188;52631
04013114900;Census Tract 1149; Maricopa County;1181;23388;30584
04013115200;Census Tract 1152; Maricopa County;875;53550;59974
04013115300;Census Tract 1153; Maricopa County;1046;27099;36787
04013115400;Census Tract 1154; Maricopa County;536;45313;58460
04013115500;Census Tract 1155; Maricopa County;1100;39787;55034
04013115600;Census Tract 1156; Maricopa County;1111;46094;58386
04013115700;Census Tract 1157; Maricopa County;1934;68923;86169
04013115801;Census Tract 1158.01; Maricopa County;1336;34056;46922
04013115802;Census Tract 1158.02; Maricopa County;1310;46902;71598
04013115900;Census Tract 1159; Maricopa County;2008;52012;63135
04013116000;Census Tract 1160; Maricopa County;2235;53064;58540
04013116100;Census Tract 1161; Maricopa County;1496;40990;51372
04013116202;Census Tract 1162.02; Maricopa County;1303;66350;75343
04013116203;Census Tract 1162.03; Maricopa County;2327;63229;99168
04013116204;Census Tract 1162.04; Maricopa County;1302;62105;70473
04013116205;Census Tract 1162.05; Maricopa County;1715;53561;59218
04013116300;Census Tract 1163; Maricopa County;2040;59797;78704
04013116400;Census Tract 1164; Maricopa County;1489;57917;84272
04013116500;Census Tract 1165; Maricopa County;1460;55331;57592
04013116605;Census Tract 1166.05; Maricopa County;2072;84857;97398
04013116606;Census Tract 1166.06; Maricopa County;1663;62431;67414
04013116607;Census Tract 1166.07; Maricopa County;1087;79946;98713
04013116610;Census Tract 1166.10; Maricopa County;2125;103039;97559
04013116611;Census Tract 1166.11; Maricopa County;1352;97292;129553
04013116612;Census Tract 1166.12; Maricopa County;1915;91039;100795
04013116614;Census Tract 1166.14; Maricopa County;1125;52933;69423
04013116615;Census Tract 1166.15; Maricopa County;1187;42150;56048
04013116616;Census Tract 1166.16; Maricopa County;1477;88631;103699
04013116617;Census Tract 1166.17; Maricopa County;1199;59213;80199
04013116618;Census Tract 1166.18; Maricopa County;1717;86203;100441
04013116619;Census Tract 1166.19; Maricopa County;1333;101691;118765
04013116620;Census Tract 1166.20; Maricopa County;2031;76250;84569
04013116621;Census Tract 1166.21; Maricopa County;1458;89808;98528
04013116703;Census Tract 1167.03; Maricopa County;1658;105750;114398
04013116707;Census Tract 1167.07; Maricopa County;1321;97317;124904
04013116708;Census Tract 1167.08; Maricopa County;2492;77553;88957
04013116709;Census Tract 1167.09; Maricopa County;1297;62656;71844
04013116710;Census Tract 1167.10; Maricopa County;1855;127188;180298
04013116711;Census Tract 1167.11; Maricopa County;836;67297;97419
04013116712;Census Tract 1167.12; Maricopa County;3143;75502;88436
04013116713;Census Tract 1167.13; Maricopa County;2287;112652;120639
04013116714;Census Tract 1167.14; Maricopa County;1260;96406;124966
04013116715;Census Tract 1167.15; Maricopa County;829;91917;109843
04013116717;Census Tract 1167.17; Maricopa County;1528;51008;59024
04013116718;Census Tract 1167.18; Maricopa County;1128;62857;88016
04013116719;Census Tract 1167.19; Maricopa County;2713;105869;124447
04013116720;Census Tract 1167.20; Maricopa County;1643;83989;102802
04013116721;Census Tract 1167.21; Maricopa County;1434;103529;131397
04013116725;Census Tract 1167.25; Maricopa County;2058;82692;135642
04013116727;Census Tract 1167.27; Maricopa County;1473;129119;170220
04013116728;Census Tract 1167.28; Maricopa County;1630;169258;224697
04013116729;Census Tract 1167.29; Maricopa County;1391;152420;189259
04013116730;Census Tract 1167.30; Maricopa County;616;129000;156441
04013116731;Census Tract 1167.31; Maricopa County;1179;143212;169546
04013116732;Census Tract 1167.32; Maricopa County;1143;71629;108658
04013116733;Census Tract 1167.33; Maricopa County;3;-;N
04013116734;Census Tract 1167.34; Maricopa County;426;90185;83386
04013116735;Census Tract 1167.35; Maricopa County;988;47736;62282
04013116736;Census Tract 1167.36; Maricopa County;902;52698;57756
04013116737;Census Tract 1167.37; Maricopa County;1220;128622;136798
04013116738;Census Tract 1167.38; Maricopa County;2700;79599;105191
04013116800;Census Tract 1168; Maricopa County;985;42481;66966
04013116900;Census Tract 1169; Maricopa County;637;44375;52407
04013117000;Census Tract 1170; Maricopa County;2535;39901;56303
04013117100;Census Tract 1171; Maricopa County;1498;66983;71138
04013117200;Census Tract 1172; Maricopa County;314;43929;51282
04013117300;Census Tract 1173; Maricopa County;454;26964;32939
04013216806;Census Tract 2168.06; Maricopa County;1504;91563;139006
04013216807;Census Tract 2168.07; Maricopa County;2243;148722;180798
04013216809;Census Tract 2168.09; Maricopa County;1992;134800;213417
04013216810;Census Tract 2168.10; Maricopa County;981;66033;91396
04013216813;Census Tract 2168.13; Maricopa County;2027;114297;184555
04013216816;Census Tract 2168.16; Maricopa County;2649;131892;175413
04013216819;Census Tract 2168.19; Maricopa County;2562;99813;140663
04013216820;Census Tract 2168.20; Maricopa County;2010;77407;114989
04013216821;Census Tract 2168.21; Maricopa County;2823;106083;169319
04013216822;Census Tract 2168.22; Maricopa County;1884;141107;182399
04013216826;Census Tract 2168.26; Maricopa County;2361;79511;104086
04013216829;Census Tract 2168.29; Maricopa County;2533;159583;232762
04013216830;Census Tract 2168.30; Maricopa County;1598;50811;80780
04013216831;Census Tract 2168.31; Maricopa County;975;104693;176487
04013216832;Census Tract 2168.32; Maricopa County;1219;93477;139547
04013216833;Census Tract 2168.33; Maricopa County;1959;84654;119025
04013216834;Census Tract 2168.34; Maricopa County;1368;121250;131075
04013216835;Census Tract 2168.35; Maricopa County;1442;74868;108786
04013216836;Census Tract 2168.36; Maricopa County;1493;107204;183930
04013216837;Census Tract 2168.37; Maricopa County;2776;70463;83944
04013216838;Census Tract 2168.38; Maricopa County;2089;129923;146495
04013216839;Census Tract 2168.39; Maricopa County;1662;135750;168063
04013216840;Census Tract 2168.40; Maricopa County;1989;128157;174676
04013216841;Census Tract 2168.41; Maricopa County;1584;129083;187809
04013216842;Census Tract 2168.42; Maricopa County;1220;163125;214995
04013216843;Census Tract 2168.43; Maricopa County;1661;132054;195998
04013216844;Census Tract 2168.44; Maricopa County;2502;101711;122543
04013216845;Census Tract 2168.45; Maricopa County;1182;75714;96130
04013216849;Census Tract 2168.49; Maricopa County;2587;198010;248128
04013216850;Census Tract 2168.50; Maricopa County;2420;85321;91423
04013216851;Census Tract 2168.51; Maricopa County;1909;179219;265014
04013216852;Census Tract 2168.52; Maricopa County;1798;71507;93095
04013216853;Census Tract 2168.53; Maricopa County;2610;82895;110761
04013216854;Census Tract 2168.54; Maricopa County;1374;196250;299938
04013216855;Census Tract 2168.55; Maricopa County;1436;141500;217942
04013216856;Census Tract 2168.56; Maricopa County;1336;96458;119511
04013216857;Census Tract 2168.57; Maricopa County;2240;75887;82794
04013216858;Census Tract 2168.58; Maricopa County;0;-;-
04013216859;Census Tract 2168.59; Maricopa County;2555;149238;206074
04013216860;Census Tract 2168.60; Maricopa County;1378;72568;111423
04013216861;Census Tract 2168.61; Maricopa County;1550;138478;167115
04013216901;Census Tract 2169.01; Maricopa County;1925;82596;118629
04013216902;Census Tract 2169.02; Maricopa County;1748;100169;117484
04013217001;Census Tract 2170.01; Maricopa County;2648;96964;121456
04013217002;Census Tract 2170.02; Maricopa County;2380;89868;88642
04013217101;Census Tract 2171.01; Maricopa County;1198;72396;115306
04013217102;Census Tract 2171.02; Maricopa County;1440;113750;118185
04013217201;Census Tract 2172.01; Maricopa County;1334;85772;107362
04013217203;Census Tract 2172.03; Maricopa County;2220;68258;176338
04013217204;Census Tract 2172.04; Maricopa County;1814;54703;70961
04013217300;Census Tract 2173; Maricopa County;2856;105000;209851
04013217400;Census Tract 2174; Maricopa County;1734;72998;108951
04013217501;Census Tract 2175.01; Maricopa County;1522;46250;77342
04013217502;Census Tract 2175.02; Maricopa County;1982;77222;92953
04013217600;Census Tract 2176; Maricopa County;2728;72689;95058
04013217700;Census Tract 2177; Maricopa County;2082;87928;108049
04013217800;Census Tract 2178; Maricopa County;2829;74094;97722
04013217900;Census Tract 2179; Maricopa County;1818;85625;111846
04013218000;Census Tract 2180; Maricopa County;2539;83944;104557
04013218100;Census Tract 2181; Maricopa County;963;80250;97551
04013218200;Census Tract 2182; Maricopa County;3142;99593;110390
04013218300;Census Tract 2183; Maricopa County;2801;54954;64121
04013318400;Census Tract 3184; Maricopa County;2292;63418;75065
04013318501;Census Tract 3185.01; Maricopa County;1625;59861;68943
04013318700;Census Tract 3187; Maricopa County;1599;55388;86226
04013318800;Census Tract 3188; Maricopa County;3641;44203;61763
04013318900;Census Tract 3189; Maricopa County;2612;62463;72176
04013319001;Census Tract 3190.01; Maricopa County;0;-;-
04013319002;Census Tract 3190.02; Maricopa County;886;39259;79750
04013319101;Census Tract 3191.01; Maricopa County;1427;23590;31971
04013319103;Census Tract 3191.03; Maricopa County;1994;48357;50991
04013319104;Census Tract 3191.04; Maricopa County;3829;53602;58877
04013319201;Census Tract 3192.01; Maricopa County;2468;42784;55262
04013319202;Census Tract 3192.02; Maricopa County;2051;35194;41186
04013319300;Census Tract 3193; Maricopa County;1042;34375;42127
04013319401;Census Tract 3194.01; Maricopa County;2538;64375;75551
04013319402;Census Tract 3194.02; Maricopa County;1653;77626;89647
04013319403;Census Tract 3194.03; Maricopa County;1981;68961;86213
04013319404;Census Tract 3194.04; Maricopa County;1514;86759;116530
04013319500;Census Tract 3195; Maricopa County;2616;84766;102980
04013319600;Census Tract 3196; Maricopa County;2454;60598;79082
04013319705;Census Tract 3197.05; Maricopa County;1410;63019;75604
04013319706;Census Tract 3197.06; Maricopa County;1896;56037;63413
04013319707;Census Tract 3197.07; Maricopa County;0;-;-
04013319708;Census Tract 3197.08; Maricopa County;1909;57357;64616
04013319709;Census Tract 3197.09; Maricopa County;0;-;-
04013319710;Census Tract 3197.10; Maricopa County;987;72636;83989
04013319801;Census Tract 3198.01; Maricopa County;1329;55747;66774
04013319802;Census Tract 3198.02; Maricopa County;1964;53494;64947
04013319902;Census Tract 3199.02; Maricopa County;1254;59118;78051
04013319903;Census Tract 3199.03; Maricopa County;2297;74861;122984
04013319904;Census Tract 3199.04; Maricopa County;1850;112778;116178
04013319905;Census Tract 3199.05; Maricopa County;1924;77240;91597
04013319906;Census Tract 3199.06; Maricopa County;1238;132585;154624
04013319907;Census Tract 3199.07; Maricopa County;806;144054;177622
04013319908;Census Tract 3199.08; Maricopa County;1024;65500;75894
04013319909;Census Tract 3199.09; Maricopa County;1017;130017;145783
04013319910;Census Tract 3199.10; Maricopa County;1811;121793;161537
04013320001;Census Tract 3200.01; Maricopa County;4082;60057;72023
04013320002;Census Tract 3200.02; Maricopa County;1614;45114;67226
04013320007;Census Tract 3200.07; Maricopa County;3024;62913;73394
04013320100;Census Tract 3201; Maricopa County;1782;71892;87307
04013420104;Census Tract 4201.04; Maricopa County;2164;63955;73036
04013420105;Census Tract 4201.05; Maricopa County;2123;91344;101877
04013420107;Census Tract 4201.07; Maricopa County;2708;121330;143489
04013420108;Census Tract 4201.08; Maricopa County;635;169063;298071
04013420109;Census Tract 4201.09; Maricopa County;2120;115000;146966
04013420110;Census Tract 4201.10; Maricopa County;2024;112199;136977
04013420111;Census Tract 4201.11; Maricopa County;1354;66618;89716
04013420112;Census Tract 4201.12; Maricopa County;1119;84893;102239
04013420113;Census Tract 4201.13; Maricopa County;1484;41952;53074
04013420114;Census Tract 4201.14; Maricopa County;1557;76625;87444
04013420115;Census Tract 4201.15; Maricopa County;1239;54984;59986
04013420116;Census Tract 4201.16; Maricopa County;1769;37421;52871
04013420202;Census Tract 4202.02; Maricopa County;2622;56044;61678
04013420206;Census Tract 4202.06; Maricopa County;2227;48589;67997
04013420207;Census Tract 4202.07; Maricopa County;1093;133179;175008
04013420208;Census Tract 4202.08; Maricopa County;2003;83393;105550
04013420209;Census Tract 4202.09; Maricopa County;2086;60833;74168
04013420210;Census Tract 4202.10; Maricopa County;1904;77010;105110
04013420211;Census Tract 4202.11; Maricopa County;1619;102945;111039
04013420212;Census Tract 4202.12; Maricopa County;1394;75608;105304
04013420213;Census Tract 4202.13; Maricopa County;1144;48513;60329
04013420214;Census Tract 4202.14; Maricopa County;2238;52011;61679
04013420215;Census Tract 4202.15; Maricopa County;1089;103083;101250
04013420216;Census Tract 4202.16; Maricopa County;1734;76029;88090
04013420301;Census Tract 4203.01; Maricopa County;611;106375;150418
04013420302;Census Tract 4203.02; Maricopa County;1568;139750;162460
04013420303;Census Tract 4203.03; Maricopa County;1488;96313;123491
04013420304;Census Tract 4203.04; Maricopa County;332;174167;252691
04013420401;Census Tract 4204.01; Maricopa County;1700;50179;56455
04013420402;Census Tract 4204.02; Maricopa County;1478;143250;170536
04013420503;Census Tract 4205.03; Maricopa County;1413;53911;63996
04013420504;Census Tract 4205.04; Maricopa County;1389;73750;81808
04013420505;Census Tract 4205.05; Maricopa County;1090;85176;96034
04013420506;Census Tract 4205.06; Maricopa County;1370;48789;65325
04013420602;Census Tract 4206.02; Maricopa County;1662;98654;102766
04013420603;Census Tract 4206.03; Maricopa County;1295;92908;112118
04013420604;Census Tract 4206.04; Maricopa County;1554;94236;109914
04013420704;Census Tract 4207.04; Maricopa County;1776;83864;96683
04013420705;Census Tract 4207.05; Maricopa County;984;150000;233096
04013420706;Census Tract 4207.06; Maricopa County;1559;110208;129358
04013420707;Census Tract 4207.07; Maricopa County;1206;49615;58342
04013420708;Census Tract 4207.08; Maricopa County;2103;39871;49483
04013420709;Census Tract 4207.09; Maricopa County;2089;38879;48309
04013420710;Census Tract 4207.10; Maricopa County;1561;37539;54127
04013420800;Census Tract 4208; Maricopa County;1706;80417;102088
04013420901;Census Tract 4209.01; Maricopa County;1077;65304;75599
04013420902;Census Tract 4209.02; Maricopa County;1382;68750;81458
04013421001;Census Tract 4210.01; Maricopa County;1842;37429;46549
04013421002;Census Tract 4210.02; Maricopa County;1672;37773;48127
04013421101;Census Tract 4211.01; Maricopa County;1877;56715;65748
04013421102;Census Tract 4211.02; Maricopa County;2275;58070;73997
04013421201;Census Tract 4212.01; Maricopa County;2468;63271;96915
04013421202;Census Tract 4212.02; Maricopa County;1464;54848;90104
04013421302;Census Tract 4213.02; Maricopa County;2253;47751;56133
04013421303;Census Tract 4213.03; Maricopa County;1842;54722;70917
04013421304;Census Tract 4213.04; Maricopa County;1763;44847;54908
04013421400;Census Tract 4214; Maricopa County;1436;28750;40117
04013421501;Census Tract 4215.01; Maricopa County;1318;39975;56689
04013421502;Census Tract 4215.02; Maricopa County;1011;44455;57847
04013421601;Census Tract 4216.01; Maricopa County;1004;50167;61131
04013421602;Census Tract 4216.02; Maricopa County;1524;41964;56615
04013421701;Census Tract 4217.01; Maricopa County;2305;44778;59255
04013421702;Census Tract 4217.02; Maricopa County;1567;35186;49501
04013421801;Census Tract 4218.01; Maricopa County;1065;77014;84218
04013421802;Census Tract 4218.02; Maricopa County;1352;52174;63419
04013421901;Census Tract 4219.01; Maricopa County;1261;73098;87311
04013421902;Census Tract 4219.02; Maricopa County;1766;29095;44368
04013422001;Census Tract 4220.01; Maricopa County;1374;42074;52181
04013422002;Census Tract 4220.02; Maricopa County;1316;40632;49742
04013422102;Census Tract 4221.02; Maricopa County;1517;34486;50827
04013422103;Census Tract 4221.03; Maricopa County;2531;50210;52502
04013422104;Census Tract 4221.04; Maricopa County;2322;37376;50753
04013422105;Census Tract 4221.05; Maricopa County;1260;61127;75886
04013422106;Census Tract 4221.06; Maricopa County;2342;44158;48224
04013422107;Census Tract 4221.07; Maricopa County;2143;47375;49108
04013422203;Census Tract 4222.03; Maricopa County;2795;43542;53050
04013422209;Census Tract 4222.09; Maricopa County;2895;67106;74179
04013422210;Census Tract 4222.10; Maricopa County;2240;85385;95426
04013422211;Census Tract 4222.11; Maricopa County;1110;79675;102091
04013422212;Census Tract 4222.12; Maricopa County;1624;92422;115881
04013422213;Census Tract 4222.13; Maricopa County;935;90865;108793
04013422215;Census Tract 4222.15; Maricopa County;882;77717;83268
04013422216;Census Tract 4222.16; Maricopa County;2310;91375;110780
04013422217;Census Tract 4222.17; Maricopa County;1440;84386;97867
04013422218;Census Tract 4222.18; Maricopa County;1222;63778;72524
04013422219;Census Tract 4222.19; Maricopa County;1467;78440;79055
04013422220;Census Tract 4222.20; Maricopa County;832;92105;114299
04013422221;Census Tract 4222.21; Maricopa County;2131;56890;79595
04013422222;Census Tract 4222.22; Maricopa County;813;95524;113676
04013422223;Census Tract 4222.23; Maricopa County;1252;55789;73323
04013422224;Census Tract 4222.24; Maricopa County;0;-;-
04013422225;Census Tract 4222.25; Maricopa County;0;-;-
04013422226;Census Tract 4222.26; Maricopa County;0;-;-
04013422227;Census Tract 4222.27; Maricopa County;645;73682;85434
04013422301;Census Tract 4223.01; Maricopa County;1829;58553;78785
04013422302;Census Tract 4223.02; Maricopa County;2027;60269;65091
04013422304;Census Tract 4223.04; Maricopa County;1304;72202;88314
04013422305;Census Tract 4223.05; Maricopa County;2432;77676;92501
04013422307;Census Tract 4223.07; Maricopa County;1819;68986;92122
04013422308;Census Tract 4223.08; Maricopa County;1909;93581;121123
04013422309;Census Tract 4223.09; Maricopa County;2042;110652;119207
04013422401;Census Tract 4224.01; Maricopa County;1647;82008;85103
04013422402;Census Tract 4224.02; Maricopa County;1921;70801;111246
04013422403;Census Tract 4224.03; Maricopa County;1727;88491;120879
04013422404;Census Tract 4224.04; Maricopa County;1594;96125;117224
04013422501;Census Tract 4225.01; Maricopa County;2159;73803;86766
04013422502;Census Tract 4225.02; Maricopa County;2049;72102;92924
04013422503;Census Tract 4225.03; Maricopa County;2566;75227;87340
04013422504;Census Tract 4225.04; Maricopa County;1921;77004;102788
04013422506;Census Tract 4225.06; Maricopa County;1873;81328;123048
04013422507;Census Tract 4225.07; Maricopa County;1688;111364;131836
04013422508;Census Tract 4225.08; Maricopa County;1310;90156;113078
04013422509;Census Tract 4225.09; Maricopa County;1848;76774;92983
04013422510;Census Tract 4225.10; Maricopa County;942;106429;158373
04013422511;Census Tract 4225.11; Maricopa County;942;113409;117866
04013422512;Census Tract 4225.12; Maricopa County;1646;99569;116602
04013422513;Census Tract 4225.13; Maricopa County;1630;76667;78063
04013422514;Census Tract 4225.14; Maricopa County;1699;64671;75453
04013422607;Census Tract 4226.07; Maricopa County;2258;41898;51224
04013422609;Census Tract 4226.09; Maricopa County;1820;68235;75836
04013422610;Census Tract 4226.10; Maricopa County;1628;55966;67810
04013422615;Census Tract 4226.15; Maricopa County;2557;80497;96570
04013422617;Census Tract 4226.17; Maricopa County;2014;100079;103031
04013422618;Census Tract 4226.18; Maricopa County;1736;49279;65244
04013422620;Census Tract 4226.20; Maricopa County;936;131923;184293
04013422621;Census Tract 4226.21; Maricopa County;1365;119792;125449
04013422622;Census Tract 4226.22; Maricopa County;1473;92331;116084
04013422623;Census Tract 4226.23; Maricopa County;2738;91515;114438
04013422624;Census Tract 4226.24; Maricopa County;1580;42455;54265
04013422625;Census Tract 4226.25; Maricopa County;1936;42992;59586
04013422626;Census Tract 4226.26; Maricopa County;1370;48804;57150
04013422627;Census Tract 4226.27; Maricopa County;1489;42939;54748
04013422628;Census Tract 4226.28; Maricopa County;1492;31578;46241
04013422629;Census Tract 4226.29; Maricopa County;1309;66482;72192
04013422630;Census Tract 4226.30; Maricopa County;1934;48226;54587
04013422632;Census Tract 4226.32; Maricopa County;1730;57589;59850
04013422633;Census Tract 4226.33; Maricopa County;1352;48278;61253
04013422634;Census Tract 4226.34; Maricopa County;2022;52170;63379
04013422636;Census Tract 4226.36; Maricopa County;1318;71786;85792
04013422637;Census Tract 4226.37; Maricopa County;1192;79671;92336
04013422638;Census Tract 4226.38; Maricopa County;1660;57024;77143
04013422639;Census Tract 4226.39; Maricopa County;2183;71625;92001
04013422640;Census Tract 4226.40; Maricopa County;2088;66765;90016
04013422642;Census Tract 4226.42; Maricopa County;2018;88596;120335
04013422643;Census Tract 4226.43; Maricopa County;1866;103147;115334
04013422647;Census Tract 4226.47; Maricopa County;2043;148202;151511
04013422648;Census Tract 4226.48; Maricopa County;1766;134338;151246
04013422649;Census Tract 4226.49; Maricopa County;1932;106734;122831
04013422650;Census Tract 4226.50; Maricopa County;1029;65344;90288
04013422651;Census Tract 4226.51; Maricopa County;1210;98750;135393
04013422652;Census Tract 4226.52; Maricopa County;1449;59417;69305
04013422653;Census Tract 4226.53; Maricopa County;1761;65080;76846
04013422654;Census Tract 4226.54; Maricopa County;1531;109375;143278
04013422655;Census Tract 4226.55; Maricopa County;1184;79253;77404
04013422656;Census Tract 4226.56; Maricopa County;1432;174712;256195
04013422657;Census Tract 4226.57; Maricopa County;1193;117940;115055
04013422658;Census Tract 4226.58; Maricopa County;984;138333;148208
04013422659;Census Tract 4226.59; Maricopa County;895;66553;81295
04013422660;Census Tract 4226.60; Maricopa County;2044;65878;76558
04013522801;Census Tract 5228.01; Maricopa County;0;-;-
04013522802;Census Tract 5228.02; Maricopa County;160;39318;45868
04013522901;Census Tract 5229.01; Maricopa County;2020;88487;89786
04013522903;Census Tract 5229.03; Maricopa County;1862;39792;46257
04013522904;Census Tract 5229.04; Maricopa County;1590;59828;70496
04013523002;Census Tract 5230.02; Maricopa County;1871;61528;66529
04013523005;Census Tract 5230.05; Maricopa County;2061;86835;98314
04013523006;Census Tract 5230.06; Maricopa County;2217;68250;83733
04013523007;Census Tract 5230.07; Maricopa County;1319;65261;92578
04013523008;Census Tract 5230.08; Maricopa County;1382;60457;65067
04013523102;Census Tract 5231.02; Maricopa County;1990;63510;70522
04013523103;Census Tract 5231.03; Maricopa County;2564;60815;81613
04013523104;Census Tract 5231.04; Maricopa County;2888;59881;90424
04013610001;Census Tract 6100.01; Maricopa County;865;84750;99778
04013610002;Census Tract 6100.02; Maricopa County;1859;103603;113550
04013610100;Census Tract 6101; Maricopa County;300;91538;115345
04013610201;Census Tract 6102.01; Maricopa County;1910;103026;142455
04013610202;Census Tract 6102.02; Maricopa County;1568;120035;171805
04013610301;Census Tract 6103.01; Maricopa County;1088;102763;122872
04013610302;Census Tract 6103.02; Maricopa County;2118;106225;134717
04013610400;Census Tract 6104; Maricopa County;1840;112409;129970
04013610500;Census Tract 6105; Maricopa County;2995;113890;149691
04013610600;Census Tract 6106; Maricopa County;1951;107292;119463
04013610700;Census Tract 6107; Maricopa County;2984;110743;128251
04013610800;Census Tract 6108; Maricopa County;2144;131557;165528
04013610901;Census Tract 6109.01; Maricopa County;1584;119342;182986
04013610902;Census Tract 6109.02; Maricopa County;1461;126198;154828
04013610903;Census Tract 6109.03; Maricopa County;1048;149799;180118
04013611000;Census Tract 6110; Maricopa County;1079;123239;131912
04013611100;Census Tract 6111; Maricopa County;1142;131500;140730
04013611200;Census Tract 6112; Maricopa County;2007;155708;197233
04013611300;Census Tract 6113; Maricopa County;2836;93319;109620
04013611400;Census Tract 6114; Maricopa County;2068;131786;143299
04013611500;Census Tract 6115; Maricopa County;2529;138967;165304
04013611600;Census Tract 6116; Maricopa County;992;156250;186440
04013611700;Census Tract 6117; Maricopa County;2196;113858;153170
04013611800;Census Tract 6118; Maricopa County;2480;101534;113461
04013611900;Census Tract 6119; Maricopa County;887;116681;145563
04013612000;Census Tract 6120; Maricopa County;1323;158750;166101
04013612200;Census Tract 6122; Maricopa County;2507;103973;141417
04013612301;Census Tract 6123.01; Maricopa County;1717;79793;90683
04013612302;Census Tract 6123.02; Maricopa County;1640;128417;158212
04013612401;Census Tract 6124.01; Maricopa County;1462;118026;124605
04013612402;Census Tract 6124.02; Maricopa County;1611;130587;140148
04013612500;Census Tract 6125; Maricopa County;1616;123654;134374
04013612600;Census Tract 6126; Maricopa County;964;94877;120320
04013612700;Census Tract 6127; Maricopa County;944;108333;138991
04013612800;Census Tract 6128; Maricopa County;873;102656;125282
04013612900;Census Tract 6129; Maricopa County;1010;116818;138989
04013613000;Census Tract 6130; Maricopa County;2044;155147;169799
04013613100;Census Tract 6131; Maricopa County;1427;112321;162226
04013613200;Census Tract 6132; Maricopa County;1620;94646;132366
04013613300;Census Tract 6133; Maricopa County;2388;117755;170249
04013613400;Census Tract 6134; Maricopa County;1573;82829;96660
04013613500;Census Tract 6135; Maricopa County;1643;93850;127071
04013613601;Census Tract 6136.01; Maricopa County;1255;109574;106268
04013613602;Census Tract 6136.02; Maricopa County;1431;135938;152788
04013613700;Census Tract 6137; Maricopa County;1801;116152;128275
04013613800;Census Tract 6138; Maricopa County;1477;109155;130898
04013613900;Census Tract 6139; Maricopa County;2078;132559;145451
04013614000;Census Tract 6140; Maricopa County;1441;108281;131962
04013614100;Census Tract 6141; Maricopa County;2585;101208;114811
04013614200;Census Tract 6142; Maricopa County;1869;120341;134301
04013614300;Census Tract 6143; Maricopa County;1142;132755;163268
04013614400;Census Tract 6144; Maricopa County;1684;51978;74443
04013614500;Census Tract 6145; Maricopa County;1515;66352;74366
04013614601;Census Tract 6146.01; Maricopa County;1438;62348;81294
04013614602;Census Tract 6146.02; Maricopa County;1478;66678;79452
04013614700;Census Tract 6147; Maricopa County;1536;45126;55641
04013614800;Census Tract 6148; Maricopa County;1855;57018;63262
04013614900;Census Tract 6149; Maricopa County;1727;93683;111173
04013615001;Census Tract 6150.01; Maricopa County;2125;192077;257601
04013615002;Census Tract 6150.02; Maricopa County;1837;132839;157340
04013615100;Census Tract 6151; Maricopa County;1672;145163;201593
04013615201;Census Tract 6152.01; Maricopa County;2978;91357;124658
04013615202;Census Tract 6152.02; Maricopa County;1589;92019;123209
04013615300;Census Tract 6153; Maricopa County;1297;39081;54327
04013615400;Census Tract 6154; Maricopa County;1595;54150;66805
04013615500;Census Tract 6155; Maricopa County;1782;53889;73980
04013615600;Census Tract 6156; Maricopa County;1942;53029;61357
04013615700;Census Tract 6157; Maricopa County;1094;93293;108060
04013615800;Census Tract 6158; Maricopa County;2014;96893;102186
04013615900;Census Tract 6159; Maricopa County;1845;80241;87534
04013616000;Census Tract 6160; Maricopa County;683;82525;85013
04013616100;Census Tract 6161; Maricopa County;1523;67088;76819
04013616200;Census Tract 6162; Maricopa County;1308;89000;92929
04013616300;Census Tract 6163; Maricopa County;785;85779;102856
04013616400;Census Tract 6164; Maricopa County;3175;69336;79454
04013616500;Census Tract 6165; Maricopa County;1514;68047;159602
04013616600;Census Tract 6166; Maricopa County;2158;66917;81455
04013616700;Census Tract 6167; Maricopa County;2013;80907;84478
04013616800;Census Tract 6168; Maricopa County;2019;76025;89173
04013616900;Census Tract 6169; Maricopa County;2019;72609;73446
04013617001;Census Tract 6170.01; Maricopa County;0;-;-
04013617002;Census Tract 6170.02; Maricopa County;2309;58253;75639
04013617100;Census Tract 6171; Maricopa County;928;103947;115216
04013617200;Census Tract 6172; Maricopa County;948;117763;127615
04013617300;Census Tract 6173; Maricopa County;1304;87917;100269
04013617400;Census Tract 6174; Maricopa County;3604;58868;62919
04013617500;Census Tract 6175; Maricopa County;1859;53375;81584
04013617600;Census Tract 6176; Maricopa County;2646;62130;80025
04013617700;Census Tract 6177; Maricopa County;1478;62944;82436
04013617800;Census Tract 6178; Maricopa County;873;122974;130840
04013617900;Census Tract 6179; Maricopa County;1060;68594;97363
04013618000;Census Tract 6180; Maricopa County;1450;98000;98101
04013618100;Census Tract 6181; Maricopa County;1556;80500;88394
04013618200;Census Tract 6182; Maricopa County;1405;70475;74308
04013618300;Census Tract 6183; Maricopa County;1002;81731;95756
04013618400;Census Tract 6184; Maricopa County;1460;50845;57362
04013618500;Census Tract 6185; Maricopa County;1819;44734;68160
04013618600;Census Tract 6186; Maricopa County;1792;64489;73568
04013618700;Census Tract 6187; Maricopa County;965;74957;81007
04013618800;Census Tract 6188; Maricopa County;2249;37651;45543
04013618900;Census Tract 6189; Maricopa County;2998;69665;81117
04013619000;Census Tract 6190; Maricopa County;1573;51146;72430
04013619100;Census Tract 6191; Maricopa County;1522;42819;52508
04013619200;Census Tract 6192; Maricopa County;2820;47790;58687
04013619300;Census Tract 6193; Maricopa County;2176;52628;77650
04013619400;Census Tract 6194; Maricopa County;2222;72169;81578
04013619500;Census Tract 6195; Maricopa County;2163;59814;74975
04013619601;Census Tract 6196.01; Maricopa County;0;-;-
04013619602;Census Tract 6196.02; Maricopa County;745;67969;75560
04013619700;Census Tract 6197; Maricopa County;1336;83776;106617
04013619800;Census Tract 6198; Maricopa County;2273;73143;90066
04013619900;Census Tract 6199; Maricopa County;2151;132485;177692
04013723304;Census Tract 7233.04; Maricopa County;2188;66306;87099
04013723305;Census Tract 7233.05; Maricopa County;816;41886;55662
04013723306;Census Tract 7233.06; Maricopa County;30;-;52913
04013723307;Census Tract 7233.07; Maricopa County;720;109286;112420
04013723309;Census Tract 7233.09; Maricopa County;1367;104205;125563
04013723310;Census Tract 7233.10; Maricopa County;902;126675;132390
04013723311;Census Tract 7233.11; Maricopa County;1677;105625;125712
04013810000;Census Tract 8100; Maricopa County;1261;119340;128998
04013810100;Census Tract 8101; Maricopa County;2175;141359;180092
04013810200;Census Tract 8102; Maricopa County;1555;103672;120721
04013810300;Census Tract 8103; Maricopa County;2573;77875;90171
04013810400;Census Tract 8104; Maricopa County;2112;96250;118176
04013810500;Census Tract 8105; Maricopa County;2000;90800;115475
04013810600;Census Tract 8106; Maricopa County;2729;106397;128834
04013810700;Census Tract 8107; Maricopa County;3056;75086;90902
04013810800;Census Tract 8108; Maricopa County;1742;108929;147126
04013810900;Census Tract 8109; Maricopa County;2158;106493;112327
04013811000;Census Tract 8110; Maricopa County;1047;107208;131350
04013811100;Census Tract 8111; Maricopa County;1607;81034;97138
04013811200;Census Tract 8112; Maricopa County;1761;79299;88448
04013811300;Census Tract 8113; Maricopa County;1024;104091;120680
04013811400;Census Tract 8114; Maricopa County;1805;107367;120333
04013811500;Census Tract 8115; Maricopa County;927;112094;129458
04013811600;Census Tract 8116; Maricopa County;1670;94000;115332
04013811700;Census Tract 8117; Maricopa County;1849;77243;85226
04013811800;Census Tract 8118; Maricopa County;564;173333;220251
04013811900;Census Tract 8119; Maricopa County;2254;116935;140964
04013812000;Census Tract 8120; Maricopa County;1963;61050;85093
04013812100;Census Tract 8121; Maricopa County;2635;91953;105728
04013812200;Census Tract 8122; Maricopa County;2984;94878;133422
04013812300;Census Tract 8123; Maricopa County;1799;106947;143094
04013812400;Census Tract 8124; Maricopa County;2541;114359;127537
04013812500;Census Tract 8125; Maricopa County;611;156417;162022
04013812600;Census Tract 8126; Maricopa County;2777;122344;148079
04013812700;Census Tract 8127; Maricopa County;2581;107656;143985
04013812801;Census Tract 8128.01; Maricopa County;973;137875;149289
04013812802;Census Tract 8128.02; Maricopa County;1671;122645;159196
04013812900;Census Tract 8129; Maricopa County;1242;129706;186673
04013813000;Census Tract 8130; Maricopa County;2014;129597;178688
04013813100;Census Tract 8131; Maricopa County;1256;151053;176317
04013813200;Census Tract 8132; Maricopa County;1411;162872;184625
04013813300;Census Tract 8133; Maricopa County;1915;156156;179558
04013813400;Census Tract 8134; Maricopa County;1311;134612;163625
04013813500;Census Tract 8135; Maricopa County;1078;170000;241927
04013813600;Census Tract 8136; Maricopa County;1436;197000;261314
04013813700;Census Tract 8137; Maricopa County;1393;66797;80764
04013813800;Census Tract 8138; Maricopa County;1840;57000;66034
04013813900;Census Tract 8139; Maricopa County;1807;126902;140266
04013814000;Census Tract 8140; Maricopa County;1467;61563;86218
04013814100;Census Tract 8141; Maricopa County;1843;112148;129052
04013814200;Census Tract 8142; Maricopa County;1089;144531;165595
04013814300;Census Tract 8143; Maricopa County;1535;87411;103233
04013814400;Census Tract 8144; Maricopa County;1861;95341;116892
04013814500;Census Tract 8145; Maricopa County;1703;106153;120158
04013814600;Census Tract 8146; Maricopa County;2323;63773;92799
04013814700;Census Tract 8147; Maricopa County;1400;101040;118433
04013814801;Census Tract 8148.01; Maricopa County;1294;110235;110565
04013814802;Census Tract 8148.02; Maricopa County;1976;85291;102143
04013814900;Census Tract 8149; Maricopa County;1053;121146;161671
04013815000;Census Tract 8150; Maricopa County;1283;137813;159679
04013815100;Census Tract 8151; Maricopa County;1745;118698;133008
04013815201;Census Tract 8152.01; Maricopa County;1881;95430;107264
04013815202;Census Tract 8152.02; Maricopa County;1023;110733;114845
04013815203;Census Tract 8152.03; Maricopa County;1217;100852;135093
04013815300;Census Tract 8153; Maricopa County;1098;166364;177147
04013815401;Census Tract 8154.01; Maricopa County;926;131250;156485
04013815402;Census Tract 8154.02; Maricopa County;2613;120690;144052
04013815501;Census Tract 8155.01; Maricopa County;1601;108750;127579
04013815502;Census Tract 8155.02; Maricopa County;1395;56760;74935
04013815601;Census Tract 8156.01; Maricopa County;417;142321;136430
04013815602;Census Tract 8156.02; Maricopa County;1724;103846;144874
04013815700;Census Tract 8157; Maricopa County;1683;118266;128991
04013815800;Census Tract 8158; Maricopa County;2256;89355;110526
04013815901;Census Tract 8159.01; Maricopa County;1556;135833;157233
04013815902;Census Tract 8159.02; Maricopa County;1608;122763;133597
04013816001;Census Tract 8160.01; Maricopa County;890;129357;144548
04013816002;Census Tract 8160.02; Maricopa County;1259;138173;160038
04013816003;Census Tract 8160.03; Maricopa County;676;-;263127
04013816004;Census Tract 8160.04; Maricopa County;1812;138298;150433
04013816005;Census Tract 8160.05; Maricopa County;1265;135995;158325
04013816100;Census Tract 8161; Maricopa County;2183;113274;121990
04013816200;Census Tract 8162; Maricopa County;1306;106176;117343
04013816301;Census Tract 8163.01; Maricopa County;1747;59229;76665
04013816302;Census Tract 8163.02; Maricopa County;1299;166827;179708
04013816401;Census Tract 8164.01; Maricopa County;1257;113466;136986
04013816402;Census Tract 8164.02; Maricopa County;1465;116528;129383
04013816501;Census Tract 8165.01; Maricopa County;707;138542;153146
04013816502;Census Tract 8165.02; Maricopa County;708;125486;114117
04013816600;Census Tract 8166; Maricopa County;1521;96775;125047
04013816700;Census Tract 8167; Maricopa County;664;144167;171571
04013816800;Census Tract 8168; Maricopa County;2352;122127;138668
04013816901;Census Tract 8169.01; Maricopa County;1139;126406;146168
04013816902;Census Tract 8169.02; Maricopa County;729;134230;163243
04013816903;Census Tract 8169.03; Maricopa County;1136;145087;131886
04013816904;Census Tract 8169.04; Maricopa County;830;142386;165194
04013817000;Census Tract 8170; Maricopa County;1149;113908;174958
04013817101;Census Tract 8171.01; Maricopa County;824;135167;122999
04013817102;Census Tract 8171.02; Maricopa County;1395;86274;97593
04013817103;Census Tract 8171.03; Maricopa County;1825;81205;96404
04013817200;Census Tract 8172; Maricopa County;2607;122656;146204
04013817300;Census Tract 8173; Maricopa County;3223;62213;80850
04013817400;Census Tract 8174; Maricopa County;1802;53929;70100
04013817500;Census Tract 8175; Maricopa County;1689;56544;69322
04013817600;Census Tract 8176; Maricopa County;1544;125000;138037
04013940700;Census Tract 9407; Maricopa County;16;-;N
04013941000;Census Tract 9410; Maricopa County;719;33295;44975
04013941100;Census Tract 9411; Maricopa County;20;-;N
04013941200;Census Tract 9412; Maricopa County;306;53750;63245
04013941300;Census Tract 9413; Maricopa County;2417;33663;44777
04013980100;Census Tract 9801; Maricopa County;0;-;-
04013980400;Census Tract 9804; Maricopa County;0;-;-
04013980500;Census Tract 9805; Maricopa County;0;-;-
04013980700;Census Tract 9807; Maricopa County;0;-;-
04013980900;Census Tract 9809; Maricopa County;63;109212;124203
04013981000;Census Tract 9810; Maricopa County;0;-;-
04019000100;Census Tract 1; Pima County;628;25765;38883
04019000200;Census Tract 2; Pima County;2288;39868;58711
04019000300;Census Tract 3; Pima County;679;33750;55203
04019000401;Census Tract 4.01; Pima County;1143;36080;52191
04019000402;Census Tract 4.02; Pima County;607;21960;48747
04019000501;Census Tract 5.01; Pima County;867;32464;41278
04019000502;Census Tract 5.02; Pima County;811;30291;39075
04019000600;Census Tract 6; Pima County;1919;77864;97180
04019000700;Census Tract 7; Pima County;2289;52859;63106
04019000800;Census Tract 8; Pima County;814;49722;73185
04019001100;Census Tract 11; Pima County;1157;33570;42731
04019001200;Census Tract 12; Pima County;1350;45556;50287
04019001302;Census Tract 13.02; Pima County;1019;35494;40042
04019001303;Census Tract 13.03; Pima County;1358;25529;38410
04019001304;Census Tract 13.04; Pima County;2528;32134;36780
04019001400;Census Tract 14; Pima County;2969;25701;39456
04019001500;Census Tract 15; Pima County;2120;35792;49597
04019001600;Census Tract 16; Pima County;1665;59004;79504
04019001700;Census Tract 17; Pima County;1459;53051;69671
04019001801;Census Tract 18.01; Pima County;2608;22378;42753
04019001802;Census Tract 18.02; Pima County;1395;42718;49366
04019001900;Census Tract 19; Pima County;1626;77649;95299
04019002000;Census Tract 20; Pima County;2509;50813;55978
04019002100;Census Tract 21; Pima County;1936;57992;60384
04019002201;Census Tract 22.01; Pima County;1339;43750;53888
04019002202;Census Tract 22.02; Pima County;1227;40068;51058
04019002300;Census Tract 23; Pima County;1477;31907;40738
04019002400;Census Tract 24; Pima County;1779;39222;45213
04019002503;Census Tract 25.03; Pima County;1440;35139;53198
04019002504;Census Tract 25.04; Pima County;2200;47647;65848
04019002505;Census Tract 25.05; Pima County;2222;55507;56069
04019002507;Census Tract 25.07; Pima County;1156;38935;53289
04019002508;Census Tract 25.08; Pima County;1822;67683;64806
04019002509;Census Tract 25.09; Pima County;1837;37988;70026
04019002602;Census Tract 26.02; Pima County;2655;27616;43017
04019002603;Census Tract 26.03; Pima County;1363;26870;33089
04019002604;Census Tract 26.04; Pima County;1884;29635;34947
04019002702;Census Tract 27.02; Pima County;2456;54315;66481
04019002703;Census Tract 27.03; Pima County;1988;37235;50371
04019002704;Census Tract 27.04; Pima County;1117;38008;51182
04019002801;Census Tract 28.01; Pima County;1081;29228;32199
04019002802;Census Tract 28.02; Pima County;2138;38201;46230
04019002803;Census Tract 28.03; Pima County;1183;47894;54684
04019002901;Census Tract 29.01; Pima County;2966;39950;56094
04019002904;Census Tract 29.04; Pima County;1682;47262;71647
04019002905;Census Tract 29.05; Pima County;2175;44381;70133
04019002906;Census Tract 29.06; Pima County;1398;66273;81062
04019003002;Census Tract 30.02; Pima County;2288;53209;59562
04019003003;Census Tract 30.03; Pima County;2110;39190;57517
04019003004;Census Tract 30.04; Pima County;790;52069;69290
04019003102;Census Tract 31.02; Pima County;2048;35250;50908
04019003103;Census Tract 31.03; Pima County;1499;26098;30784
04019003104;Census Tract 31.04; Pima County;1474;28190;52770
04019003201;Census Tract 32.01; Pima County;1192;86214;89566
04019003202;Census Tract 32.02; Pima County;1499;37233;52340
04019003302;Census Tract 33.02; Pima County;1695;58778;65327
04019003303;Census Tract 33.03; Pima County;1944;41653;57608
04019003304;Census Tract 33.04; Pima County;1740;52500;71493
04019003400;Census Tract 34; Pima County;2390;55677;75962
04019003502;Census Tract 35.02; Pima County;1706;41149;52538
04019003503;Census Tract 35.03; Pima County;1614;39306;44318
04019003504;Census Tract 35.04; Pima County;1045;56271;60786
04019003505;Census Tract 35.05; Pima County;1816;32017;41622
04019003506;Census Tract 35.06; Pima County;1378;35489;45766
04019003601;Census Tract 36.01; Pima County;1309;60625;66386
04019003702;Census Tract 37.02; Pima County;2250;29397;39345
04019003704;Census Tract 37.04; Pima County;1542;41620;51056
04019003705;Census Tract 37.05; Pima County;1816;42713;51955
04019003706;Census Tract 37.06; Pima County;2233;42806;73503
04019003707;Census Tract 37.07; Pima County;1206;39563;47942
04019003801;Census Tract 38.01; Pima County;1108;28827;36319
04019003802;Census Tract 38.02; Pima County;1774;42159;52669
04019003901;Census Tract 39.01; Pima County;608;41328;49073
04019003902;Census Tract 39.02; Pima County;875;48662;67423
04019003903;Census Tract 39.03; Pima County;1044;45357;53209
04019004008;Census Tract 40.08; Pima County;2012;58333;63278
04019004010;Census Tract 40.10; Pima County;1360;44410;58844
04019004026;Census Tract 40.26; Pima County;2126;88276;112980
04019004029;Census Tract 40.29; Pima County;1760;50887;59910
04019004030;Census Tract 40.30; Pima County;701;120625;205988
04019004031;Census Tract 40.31; Pima County;2055;67676;73276
04019004032;Census Tract 40.32; Pima County;1871;64183;75060
04019004033;Census Tract 40.33; Pima County;1767;43015;64625
04019004034;Census Tract 40.34; Pima County;1240;47250;58782
04019004035;Census Tract 40.35; Pima County;1693;45839;59661
04019004036;Census Tract 40.36; Pima County;1158;58449;67090
04019004037;Census Tract 40.37; Pima County;1101;48023;60093
04019004038;Census Tract 40.38; Pima County;1053;61076;69200
04019004039;Census Tract 40.39; Pima County;1636;38750;45526
04019004042;Census Tract 40.42; Pima County;2472;67500;82924
04019004043;Census Tract 40.43; Pima County;1551;92927;94796
04019004044;Census Tract 40.44; Pima County;1604;102870;128756
04019004046;Census Tract 40.46; Pima County;2046;74420;101397
04019004047;Census Tract 40.47; Pima County;1166;98000;104565
04019004048;Census Tract 40.48; Pima County;1649;69813;81923
04019004049;Census Tract 40.49; Pima County;1437;53696;72797
04019004050;Census Tract 40.50; Pima County;708;98382;115403
04019004051;Census Tract 40.51; Pima County;2091;121325;142747
04019004052;Census Tract 40.52; Pima County;874;101500;134477
04019004053;Census Tract 40.53; Pima County;1284;96912;117732
04019004054;Census Tract 40.54; Pima County;593;96328;136142
04019004055;Census Tract 40.55; Pima County;1546;71705;112401
04019004056;Census Tract 40.56; Pima County;853;59583;76458
04019004057;Census Tract 40.57; Pima County;1660;68342;80909
04019004058;Census Tract 40.58; Pima County;1964;56568;69638
04019004061;Census Tract 40.61; Pima County;1757;102750;111141
04019004062;Census Tract 40.62; Pima County;2402;105718;112785
04019004063;Census Tract 40.63; Pima County;2362;99419;110249
04019004065;Census Tract 40.65; Pima County;1359;102066;120416
04019004066;Census Tract 40.66; Pima County;901;99590;119378
04019004067;Census Tract 40.67; Pima County;1634;43682;62946
04019004068;Census Tract 40.68; Pima County;2200;59000;70725
04019004069;Census Tract 40.69; Pima County;1671;41675;53188
04019004070;Census Tract 40.70; Pima County;1416;29455;47475
04019004071;Census Tract 40.71; Pima County;2297;38964;51052
04019004072;Census Tract 40.72; Pima County;1143;63224;71390
04019004073;Census Tract 40.73; Pima County;1748;85777;91101
04019004074;Census Tract 40.74; Pima County;669;85536;87469
04019004075;Census Tract 40.75; Pima County;1060;48021;62288
04019004076;Census Tract 40.76; Pima County;1953;48783;71752
04019004077;Census Tract 40.77; Pima County;1238;81080;89813
04019004078;Census Tract 40.78; Pima County;1484;52813;71783
04019004079;Census Tract 40.79; Pima County;1269;95341;136502
04019004080;Census Tract 40.80; Pima County;1542;137459;179075
04019004081;Census Tract 40.81; Pima County;1802;121066;130277
04019004082;Census Tract 40.82; Pima County;1692;120455;121892
04019004109;Census Tract 41.09; Pima County;2059;90668;106153
04019004110;Census Tract 41.10; Pima County;937;55815;56918
04019004112;Census Tract 41.12; Pima County;951;54158;64312
04019004114;Census Tract 41.14; Pima County;1449;42636;58235
04019004115;Census Tract 41.15; Pima County;2394;40659;48203
04019004116;Census Tract 41.16; Pima County;779;46680;56204
04019004117;Census Tract 41.17; Pima County;1910;44310;54086
04019004118;Census Tract 41.18; Pima County;1860;62794;69876
04019004122;Census Tract 41.22; Pima County;1191;48818;63228
04019004126;Census Tract 41.26; Pima County;2037;98157;102528
04019004127;Census Tract 41.27; Pima County;2061;113954;127240
04019004128;Census Tract 41.28; Pima County;1500;97336;99539
04019004129;Census Tract 41.29; Pima County;1687;85270;104235
04019004130;Census Tract 41.30; Pima County;957;94417;123260
04019004131;Census Tract 41.31; Pima County;1919;86662;97659
04019004132;Census Tract 41.32; Pima County;1511;76151;98567
04019004133;Census Tract 41.33; Pima County;1303;45802;72027
04019004307;Census Tract 43.07; Pima County;1855;47679;62910
04019004310;Census Tract 43.10; Pima County;1011;84519;91288
04019004311;Census Tract 43.11; Pima County;1559;75511;85579
04019004312;Census Tract 43.12; Pima County;2092;59143;69084
04019004313;Census Tract 43.13; Pima County;1804;55882;60249
04019004316;Census Tract 43.16; Pima County;1164;43611;59607
04019004317;Census Tract 43.17; Pima County;1847;38267;65121
04019004320;Census Tract 43.20; Pima County;965;44552;61813
04019004321;Census Tract 43.21; Pima County;1594;59760;69250
04019004322;Census Tract 43.22; Pima County;2003;57953;69152
04019004323;Census Tract 43.23; Pima County;1083;100156;108425
04019004324;Census Tract 43.24; Pima County;1701;55344;68605
04019004325;Census Tract 43.25; Pima County;854;81250;104424
04019004326;Census Tract 43.26; Pima County;1154;63354;74403
04019004327;Census Tract 43.27; Pima County;2124;60000;88096
04019004328;Census Tract 43.28; Pima County;2030;67817;87603
04019004330;Census Tract 43.30; Pima County;1159;45288;63603
04019004332;Census Tract 43.32; Pima County;1159;70093;79511
04019004333;Census Tract 43.33; Pima County;1143;65610;79846
04019004335;Census Tract 43.35; Pima County;2430;95574;106457
04019004336;Census Tract 43.36; Pima County;1122;98080;107396
04019004337;Census Tract 43.37; Pima County;1396;45588;51564
04019004338;Census Tract 43.38; Pima County;649;48664;52327
04019004339;Census Tract 43.39; Pima County;2178;94189;99807
04019004340;Census Tract 43.40; Pima County;1748;47105;64502
04019004404;Census Tract 44.04; Pima County;1881;46530;60426
04019004407;Census Tract 44.07; Pima County;2235;41974;48461
04019004412;Census Tract 44.12; Pima County;1398;72054;91455
04019004413;Census Tract 44.13; Pima County;1514;61667;73407
04019004414;Census Tract 44.14; Pima County;1191;57821;71533
04019004415;Census Tract 44.15; Pima County;725;62591;70474
04019004418;Census Tract 44.18; Pima County;1509;90341;104447
04019004419;Census Tract 44.19; Pima County;2302;48281;69894
04019004422;Census Tract 44.22; Pima County;2460;77442;97210
04019004423;Census Tract 44.23; Pima County;1628;56667;65436
04019004424;Census Tract 44.24; Pima County;1430;46471;64257
04019004425;Census Tract 44.25; Pima County;2243;49910;62827
04019004426;Census Tract 44.26; Pima County;1064;76037;87511
04019004428;Census Tract 44.28; Pima County;1499;129177;152014
04019004430;Census Tract 44.30; Pima County;919;59886;75418
04019004431;Census Tract 44.31; Pima County;2138;95250;105070
04019004432;Census Tract 44.32; Pima County;1505;40711;48057
04019004433;Census Tract 44.33; Pima County;1493;116343;115213
04019004434;Census Tract 44.34; Pima County;1176;66000;72478
04019004435;Census Tract 44.35; Pima County;1459;69844;81717
04019004436;Census Tract 44.36; Pima County;1907;69971;82631
04019004437;Census Tract 44.37; Pima County;1243;98166;106085
04019004438;Census Tract 44.38; Pima County;1269;80875;93416
04019004439;Census Tract 44.39; Pima County;1048;109944;125662
04019004440;Census Tract 44.40; Pima County;1651;119351;126495
04019004505;Census Tract 45.05; Pima County;1787;32221;40685
04019004506;Census Tract 45.06; Pima County;2082;32620;51826
04019004508;Census Tract 45.08; Pima County;2129;34613;50703
04019004510;Census Tract 45.10; Pima County;1633;30634;36246
04019004511;Census Tract 45.11; Pima County;2078;45000;57214
04019004512;Census Tract 45.12; Pima County;1802;29840;44151
04019004513;Census Tract 45.13; Pima County;1355;32017;63819
04019004514;Census Tract 45.14; Pima County;1230;38176;40188
04019004515;Census Tract 45.15; Pima County;1434;37632;59771
04019004610;Census Tract 46.10; Pima County;2584;73398;91606
04019004613;Census Tract 46.13; Pima County;1735;48672;60019
04019004614;Census Tract 46.14; Pima County;1423;82411;113061
04019004615;Census Tract 46.15; Pima County;1132;88602;113565
04019004616;Census Tract 46.16; Pima County;1896;70621;89985
04019004617;Census Tract 46.17; Pima County;1320;53523;73755
04019004618;Census Tract 46.18; Pima County;1507;59760;78126
04019004619;Census Tract 46.19; Pima County;1868;82000;118508
04019004620;Census Tract 46.20; Pima County;859;53859;74085
04019004621;Census Tract 46.21; Pima County;1203;64123;80895
04019004622;Census Tract 46.22; Pima County;1619;44680;74948
04019004623;Census Tract 46.23; Pima County;2684;79120;95831
04019004624;Census Tract 46.24; Pima County;2266;68316;73857
04019004625;Census Tract 46.25; Pima County;1140;54139;68362
04019004626;Census Tract 46.26; Pima County;1775;44435;51187
04019004627;Census Tract 46.27; Pima County;1061;63807;77251
04019004628;Census Tract 46.28; Pima County;504;97857;109559
04019004630;Census Tract 46.30; Pima County;880;60000;83458
04019004631;Census Tract 46.31; Pima County;1546;84611;92165
04019004632;Census Tract 46.32; Pima County;1060;95000;112018
04019004633;Census Tract 46.33; Pima County;1238;99595;98897
04019004634;Census Tract 46.34; Pima County;633;124659;154484
04019004635;Census Tract 46.35; Pima County;2299;95863;114004
04019004636;Census Tract 46.36; Pima County;2691;100483;130352
04019004639;Census Tract 46.39; Pima County;1710;129917;152670
04019004640;Census Tract 46.40; Pima County;2612;113685;148976
04019004641;Census Tract 46.41; Pima County;1572;105000;132912
04019004642;Census Tract 46.42; Pima County;1941;107072;136971
04019004643;Census Tract 46.43; Pima County;2083;74148;97999
04019004644;Census Tract 46.44; Pima County;963;78813;80643
04019004645;Census Tract 46.45; Pima County;1869;74821;81658
04019004646;Census Tract 46.46; Pima County;1818;77000;91083
04019004647;Census Tract 46.47; Pima County;1410;71990;80386
04019004648;Census Tract 46.48; Pima County;2475;89227;99269
04019004649;Census Tract 46.49; Pima County;870;111860;143925
04019004650;Census Tract 46.50; Pima County;2683;107841;129162
04019004710;Census Tract 47.10; Pima County;2157;45023;66931
04019004711;Census Tract 47.11; Pima County;1909;110036;164128
04019004712;Census Tract 47.12; Pima County;1667;93641;137300
04019004713;Census Tract 47.13; Pima County;1968;129891;185350
04019004714;Census Tract 47.14; Pima County;2651;112053;149188
04019004715;Census Tract 47.15; Pima County;1690;52500;68491
04019004717;Census Tract 47.17; Pima County;1060;124583;175283
04019004718;Census Tract 47.18; Pima County;906;82368;128399
04019004720;Census Tract 47.20; Pima County;635;99293;125416
04019004721;Census Tract 47.21; Pima County;2119;75296;114488
04019004722;Census Tract 47.22; Pima County;1275;84812;124163
04019004723;Census Tract 47.23; Pima County;2390;70417;110314
04019004724;Census Tract 47.24; Pima County;1030;101842;149535
04019004725;Census Tract 47.25; Pima County;1773;51694;85844
04019004726;Census Tract 47.26; Pima County;1706;143056;205336
04019004727;Census Tract 47.27; Pima County;1111;78914;129783
04019004728;Census Tract 47.28; Pima County;1959;95603;107706
04019004729;Census Tract 47.29; Pima County;1172;91814;153375
04019004730;Census Tract 47.30; Pima County;1252;138971;201944
04019005200;Census Tract 52; Pima County;1472;38086;52132
04019005300;Census Tract 53; Pima County;1499;101092;128536
04019005400;Census Tract 54; Pima County;1687;48355;76410
04019940800;Census Tract 9408; Pima County;1263;35956;45554
04019940900;Census Tract 9409; Pima County;843;44792;59365
04019941000;Census Tract 9410; Pima County;1021;42330;49253
04019941100;Census Tract 9411; Pima County;626;26912;40889
04019980001;Census Tract 9800.01; Pima County;0;-;-
04019980002;Census Tract 9800.02; Pima County;15;-;N
04019980100;Census Tract 9801; Pima County;0;-;-
04019980200;Census Tract 9802; Pima County;0;-;-
04019980300;Census Tract 9803; Pima County;0;-;-
04019980400;Census Tract 9804; Pima County;0;-;-
04021000201;Census Tract 2.01; Pinal County;2931;64043;77756
04021000204;Census Tract 2.04; Pinal County;4102;91935;111692
04021000206;Census Tract 2.06; Pinal County;2824;85357;102599
04021000208;Census Tract 2.08; Pinal County;1132;70298;109333
04021000211;Census Tract 2.11; Pinal County;1448;76818;76106
04021000212;Census Tract 2.12; Pinal County;2328;64802;83762
04021000215;Census Tract 2.15; Pinal County;948;85313;112676
04021000216;Census Tract 2.16; Pinal County;1352;105658;101344
04021000217;Census Tract 2.17; Pinal County;2032;68231;86174
04021000218;Census Tract 2.18; Pinal County;2047;74306;106695
04021000219;Census Tract 2.19; Pinal County;1310;88491;97077
04021000220;Census Tract 2.20; Pinal County;1331;66607;79482
04021000221;Census Tract 2.21; Pinal County;1732;83607;88682
04021000222;Census Tract 2.22; Pinal County;1887;82014;82196
04021000223;Census Tract 2.23; Pinal County;1493;95286;93099
04021000224;Census Tract 2.24; Pinal County;2186;80727;89892
04021000225;Census Tract 2.25; Pinal County;856;76800;84327
04021000226;Census Tract 2.26; Pinal County;2110;82882;92987
04021000227;Census Tract 2.27; Pinal County;1732;110462;87742
04021000228;Census Tract 2.28; Pinal County;747;79018;82807
04021000229;Census Tract 2.29; Pinal County;1877;73357;83802
04021000307;Census Tract 3.07; Pinal County;916;93377;112067
04021000309;Census Tract 3.09; Pinal County;1541;38710;52211
04021000310;Census Tract 3.10; Pinal County;1214;40500;56941
04021000311;Census Tract 3.11; Pinal County;1335;77544;95451
04021000312;Census Tract 3.12; Pinal County;1598;48036;62128
04021000313;Census Tract 3.13; Pinal County;1918;49132;62092
04021000315;Census Tract 3.15; Pinal County;2159;57431;75708
04021000316;Census Tract 3.16; Pinal County;3420;95286;128225
04021000317;Census Tract 3.17; Pinal County;1248;50000;79673
04021000319;Census Tract 3.19; Pinal County;995;51635;60973
04021000320;Census Tract 3.20; Pinal County;1124;28798;37612
04021000321;Census Tract 3.21; Pinal County;1424;49013;45966
04021000322;Census Tract 3.22; Pinal County;923;66455;67840
04021000323;Census Tract 3.23; Pinal County;1398;73873;82691
04021000324;Census Tract 3.24; Pinal County;2217;62434;73620
04021000325;Census Tract 3.25; Pinal County;1247;60021;64067
04021000400;Census Tract 4; Pinal County;1284;35603;47566
04021000603;Census Tract 6.03; Pinal County;2881;88517;99698
04021000604;Census Tract 6.04; Pinal County;2369;80663;99072
04021000700;Census Tract 7; Pinal County;1597;44784;51972
04021000802;Census Tract 8.02; Pinal County;2349;67506;73822
04021000804;Census Tract 8.04; Pinal County;1005;36250;41447
04021000805;Census Tract 8.05; Pinal County;2460;68232;85682
04021000806;Census Tract 8.06; Pinal County;2037;86770;99717
04021000807;Census Tract 8.07; Pinal County;60;52727;69040
04021000808;Census Tract 8.08; Pinal County;269;68042;66722
04021000902;Census Tract 9.02; Pinal County;1069;59764;64604
04021000903;Census Tract 9.03; Pinal County;0;-;-
04021000904;Census Tract 9.04; Pinal County;427;44375;54559
04021001000;Census Tract 10; Pinal County;1455;40503;46624
04021001100;Census Tract 11; Pinal County;2486;60437;85953
04021001200;Census Tract 12; Pinal County;1476;54601;69844
04021001303;Census Tract 13.03; Pinal County;586;87944;101315
04021001305;Census Tract 13.05; Pinal County;2249;53431;64496
04021001306;Census Tract 13.06; Pinal County;2031;51599;65752
04021001307;Census Tract 13.07; Pinal County;1962;54388;64285
04021001308;Census Tract 13.08; Pinal County;656;45208;52612
04021001309;Census Tract 13.09; Pinal County;1883;79268;83604
04021001310;Census Tract 13.10; Pinal County;1267;73750;89039
04021001403;Census Tract 14.03; Pinal County;1930;55417;85123
04021001404;Census Tract 14.04; Pinal County;1171;68964;92044
04021001405;Census Tract 14.05; Pinal County;1743;57606;73917
04021001406;Census Tract 14.06; Pinal County;1699;44191;150547
04021001407;Census Tract 14.07; Pinal County;781;49016;54218
04021001408;Census Tract 14.08; Pinal County;1099;72669;87854
04021001500;Census Tract 15; Pinal County;1262;45865;82749
04021001600;Census Tract 16; Pinal County;2021;63705;69278
04021001701;Census Tract 17.01; Pinal County;454;80250;77436
04021001704;Census Tract 17.04; Pinal County;2226;75145;85468
04021001705;Census Tract 17.05; Pinal County;2847;103404;105055
04021001706;Census Tract 17.06; Pinal County;1645;92891;103312
04021001707;Census Tract 17.07; Pinal County;1784;87092;99608
04021001709;Census Tract 17.09; Pinal County;2000;74500;96054
04021001712;Census Tract 17.12; Pinal County;1442;66860;80281
04021001713;Census Tract 17.13; Pinal County;938;76520;87150
04021001714;Census Tract 17.14; Pinal County;1235;85339;93535
04021001715;Census Tract 17.15; Pinal County;1572;80833;91086
04021001716;Census Tract 17.16; Pinal County;1560;88000;101890
04021001717;Census Tract 17.17; Pinal County;1033;68438;81000
04021001900;Census Tract 19; Pinal County;735;34821;50518
04021002001;Census Tract 20.01; Pinal County;1418;71118;81782
04021002004;Census Tract 20.04; Pinal County;1105;44135;52855
04021002005;Census Tract 20.05; Pinal County;138;73750;84146
04021002104;Census Tract 21.04; Pinal County;1676;41774;49010
04021002105;Census Tract 21.05; Pinal County;2013;50349;62671
04021002106;Census Tract 21.06; Pinal County;559;-;74789
04021002107;Census Tract 21.07; Pinal County;1391;78597;81975
04021002200;Census Tract 22; Pinal County;2132;57667;84950
04021002300;Census Tract 23; Pinal County;955;52679;64120
04021002400;Census Tract 24; Pinal County;737;44432;49503
04021941200;Census Tract 9412; Pinal County;1972;27393;47967
04021941300;Census Tract 9413; Pinal County;750;25000;36524
04021941401;Census Tract 9414.01; Pinal County;1878;56742;72823
04021941402;Census Tract 9414.02; Pinal County;713;-;79594
